{
  "project_info": {
    "project_number": "1057984911405",
    "firebase_url": "https://foodly-flutter-dc94b-default-rtdb.firebaseio.com",
    "project_id": "foodly-flutter-dc94b",
    "storage_bucket": "foodly-flutter-dc94b.appspot.com"
  },
  "client": [
    {
      "client_info": {
        "mobilesdk_app_id": "1:1057984911405:android:32f5db99cf5380fc94c0a4",
        "android_client_info": {
          "package_name": "com.dbestech.foodly_admin"
        }
      },
      "oauth_client": [
        {
          "client_id": "1057984911405-vi9n5gddnb3lfa3er0af5iqaroiv36g9.apps.googleusercontent.com",
          "client_type": 3
        }
      ],
      "api_key": [
        {
          "current_key": "AIzaSyA09oOMVS63J-gyKlk0TyHQDNWuzmbig0Q"
        }
      ],
      "services": {
        "appinvite_service": {
          "other_platform_oauth_client": [
            {
              "client_id": "1057984911405-vi9n5gddnb3lfa3er0af5iqaroiv36g9.apps.googleusercontent.com",
              "client_type": 3
            },
            {
              "client_id": "1057984911405-451puaqob8076g3r7lm11crk0t90frh1.apps.googleusercontent.com",
              "client_type": 2,
              "ios_info": {
                "bundle_id": "com.dbestech.foodlyRestaurant"
              }
            }
          ]
        }
      }
    },
    {
      "client_info": {
        "mobilesdk_app_id": "1:1057984911405:android:4ad09cf2a4b1e9dd94c0a4",
        "android_client_info": {
          "package_name": "com.dbestech.foodly_driver"
        }
      },
      "oauth_client": [
        {
          "client_id": "1057984911405-vi9n5gddnb3lfa3er0af5iqaroiv36g9.apps.googleusercontent.com",
          "client_type": 3
        }
      ],
      "api_key": [
        {
          "current_key": "AIzaSyA09oOMVS63J-gyKlk0TyHQDNWuzmbig0Q"
        }
      ],
      "services": {
        "appinvite_service": {
          "other_platform_oauth_client": [
            {
              "client_id": "1057984911405-vi9n5gddnb3lfa3er0af5iqaroiv36g9.apps.googleusercontent.com",
              "client_type": 3
            },
            {
              "client_id": "1057984911405-451puaqob8076g3r7lm11crk0t90frh1.apps.googleusercontent.com",
              "client_type": 2,
              "ios_info": {
                "bundle_id": "com.dbestech.foodlyRestaurant"
              }
            }
          ]
        }
      }
    },
    {
      "client_info": {
        "mobilesdk_app_id": "1:1057984911405:android:dba516d8cf3b36c194c0a4",
        "android_client_info": {
          "package_name": "com.dbestech.foodly_restaurant"
        }
      },
      "oauth_client": [
        {
          "client_id": "1057984911405-vi9n5gddnb3lfa3er0af5iqaroiv36g9.apps.googleusercontent.com",
          "client_type": 3
        }
      ],
      "api_key": [
        {
          "current_key": "AIzaSyA09oOMVS63J-gyKlk0TyHQDNWuzmbig0Q"
        }
      ],
      "services": {
        "appinvite_service": {
          "other_platform_oauth_client": [
            {
              "client_id": "1057984911405-vi9n5gddnb3lfa3er0af5iqaroiv36g9.apps.googleusercontent.com",
              "client_type": 3
            },
            {
              "client_id": "1057984911405-451puaqob8076g3r7lm11crk0t90frh1.apps.googleusercontent.com",
              "client_type": 2,
              "ios_info": {
                "bundle_id": "com.dbestech.foodlyRestaurant"
              }
            }
          ]
        }
      }
    },
    {
      "client_info": {
        "mobilesdk_app_id": "1:1057984911405:android:df39d9af224e7a9394c0a4",
        "android_client_info": {
          "package_name": "com.dbestech.foodly_user"
        }
      },
      "oauth_client": [
        {
          "client_id": "1057984911405-a22docs9mvhm8jocefp2caq1j1pjogg1.apps.googleusercontent.com",
          "client_type": 1,
          "android_info": {
            "package_name": "com.dbestech.foodly_user",
            "certificate_hash": "266aa55053ad194bbeddd06289503dbcb68b6030"
          }
        },
        {
          "client_id": "1057984911405-vi9n5gddnb3lfa3er0af5iqaroiv36g9.apps.googleusercontent.com",
          "client_type": 3
        }
      ],
      "api_key": [
        {
          "current_key": "AIzaSyA09oOMVS63J-gyKlk0TyHQDNWuzmbig0Q"
        }
      ],
      "services": {
        "appinvite_service": {
          "other_platform_oauth_client": [
            {
              "client_id": "1057984911405-vi9n5gddnb3lfa3er0af5iqaroiv36g9.apps.googleusercontent.com",
              "client_type": 3
            },
            {
              "client_id": "1057984911405-451puaqob8076g3r7lm11crk0t90frh1.apps.googleusercontent.com",
              "client_type": 2,
              "ios_info": {
                "bundle_id": "com.dbestech.foodlyRestaurant"
              }
            }
          ]
        }
      }
    },
    {
      "client_info": {
        "mobilesdk_app_id": "1:1057984911405:android:afabc05b80c0a84394c0a4",
        "android_client_info": {
          "package_name": "com.dbestech.restaurant_foodly"
        }
      },
      "oauth_client": [
        {
          "client_id": "1057984911405-vi9n5gddnb3lfa3er0af5iqaroiv36g9.apps.googleusercontent.com",
          "client_type": 3
        }
      ],
      "api_key": [
        {
          "current_key": "AIzaSyA09oOMVS63J-gyKlk0TyHQDNWuzmbig0Q"
        }
      ],
      "services": {
        "appinvite_service": {
          "other_platform_oauth_client": [
            {
              "client_id": "1057984911405-vi9n5gddnb3lfa3er0af5iqaroiv36g9.apps.googleusercontent.com",
              "client_type": 3
            },
            {
              "client_id": "1057984911405-451puaqob8076g3r7lm11crk0t90frh1.apps.googleusercontent.com",
              "client_type": 2,
              "ios_info": {
                "bundle_id": "com.dbestech.foodlyRestaurant"
              }
            }
          ]
        }
      }
    },
    {
      "client_info": {
        "mobilesdk_app_id": "1:1057984911405:android:91b0cad28b61141e94c0a4",
        "android_client_info": {
          "package_name": "com.example.foodly"
        }
      },
      "oauth_client": [
        {
          "client_id": "1057984911405-vi9n5gddnb3lfa3er0af5iqaroiv36g9.apps.googleusercontent.com",
          "client_type": 3
        }
      ],
      "api_key": [
        {
          "current_key": "AIzaSyA09oOMVS63J-gyKlk0TyHQDNWuzmbig0Q"
        }
      ],
      "services": {
        "appinvite_service": {
          "other_platform_oauth_client": [
            {
              "client_id": "1057984911405-vi9n5gddnb3lfa3er0af5iqaroiv36g9.apps.googleusercontent.com",
              "client_type": 3
            },
            {
              "client_id": "1057984911405-451puaqob8076g3r7lm11crk0t90frh1.apps.googleusercontent.com",
              "client_type": 2,
              "ios_info": {
                "bundle_id": "com.dbestech.foodlyRestaurant"
              }
            }
          ]
        }
      }
    }
  ],
  "configuration_version": "1"
}